cagr_lower_bound,cagr_upper_bound,path_count,exhaustion_rate,minimum_remainder,median_remainder,maximum_remainder,remainder_spread
0.02,0.03,3,1.0,0.0,0.0,0.0,0.0
0.03,0.04,6,1.0,0.0,0.0,0.0,0.0
0.04,0.05,23,0.782608695652174,0.0,0.0,401962.5292252576,401962.5292252576
0.05,0.060000000000000005,47,0.574468085106383,0.0,0.0,793976.6699474143,793976.6699474143
0.06,0.06999999999999999,69,0.4782608695652174,0.0,29318.38585117503,1110791.627060337,1110791.627060337
0.07,0.08,138,0.2608695652173913,0.0,374756.29713434447,1794303.1844073008,1794303.1844073008
0.08,0.09,197,0.09644670050761421,0.0,904029.036074974,2120905.9603590164,2120905.9603590164
0.09,0.09999999999999999,276,0.028985507246376812,0.0,1624007.9902714519,2752316.0346672153,2752316.0346672153
0.1,0.11,335,0.0,613652.8028307083,2262156.241091001,3532919.181672657,2919266.3788419487
0.11,0.12,377,0.0,838589.574093168,3116462.279985369,4608536.432532773,3769946.858439605
0.12,0.13,287,0.0,1810756.478279329,4034345.930695044,5619248.594489423,3808492.1162100937
0.13,0.14,210,0.0,3346588.1533270376,5186050.009563595,6652466.901854997,3305878.748527959
0.14,0.15000000000000002,135,0.0,5078444.523290254,6545020.082837089,8072523.747841955,2994079.224551701
0.15,0.16,12,0.0,7415543.629976889,7977683.890011126,8510901.742850846,1095358.1128739566
